GivenName,LastName,Username,password,Email,Address,Phone Number,Region,TargetOU
Albany Care 7 Day ,Medical Centre,AlbanyCare,.randomise,admin@albanycare.com.au,"Shop 1 / 720 Albany Creek Road, ALBANY CREEK",07 3264 6632,Pine Rivers,"OU=ScriptCreated,OU=Managed Users,OU=iEmirates Steel,DC=ieisf,DC=co,DC=ae"
Albany,Clinic,albany,.randomise,reception@albanyclinic.com.au,"698 Albany Creek Road, ALBANY CREEK,",07 3264 2622,Pine Rivers,"OU=ScriptCreated,OU=Managed Users,OU=iEmirates Steel,DC=ieisf,DC=co,DC=ae"
Albany Hills Radius,Medical Centre,AlbanyHillsRadius,.randomise,practicemanager@albanyhills.com.au,"Cnr Keong and Old Northern Roads, ALBANY CREEK",07 3264 0800,Pine Rivers,"OU=ScriptCreated,OU=Managed Users,OU=iEmirates Steel,DC=ieisf,DC=co,DC=ae"
Albert Street CBD ,Medical Centre,AlbertStCBDMC,.randomise,conradxiao@hotmail.com ,"Level 3, 138 Albert Street, BRISBANE",07 3210 1889,City,"OU=ScriptCreated,OU=Managed Users,OU=iEmirates Steel,DC=ieisf,DC=co,DC=ae"
Ascot,Family Practice,AscotFP,.randomise,admin@ascotfamilypractice.com.au,"153A Racecourse Road, ASCOT",07 3268 2318,Nundah,"OU=ScriptCreated,OU=Managed Users,OU=iEmirates Steel,DC=ieisf,DC=co,DC=ae"
Ashgrove,Clinic,AshgroveClinic,.randomise,manager@ashgroveclinic.com.au,"258 Waterworks Road, ASHGROVE",07 3366 1349,Toowong,"OU=ScriptCreated,OU=Managed Users,OU=iEmirates Steel,DC=ieisf,DC=co,DC=ae"
Ashgrove ,Family Practice,AshgroveFP,.randomise,anne@ashgrovefamilypractice.com.au.,"Level 1 High Point Plaza, 240 Waterworks Road",07 3366 4663,Toowong,"OU=ScriptCreated,OU=Managed Users,OU=iEmirates Steel,DC=ieisf,DC=co,DC=ae"
Ashgrove West Group ,Practice,AshgroveWest,.randomise,Practicemanager@ashgrovewestgp.com.au,"461 Waterworks Road, ASHGROVE",07 3366 3544,Toowong,"OU=ScriptCreated,OU=Managed Users,OU=iEmirates Steel,DC=ieisf,DC=co,DC=ae"
Australian Doctors ,Clinic,AustralianDoctorsClinic,.randomise,manager@audoc.com.au,"Kenmore Village, Shop 3, 9 Brookfield Road, KENMORE",07 3085 8111,Toowong,"OU=ScriptCreated,OU=Managed Users,OU=iEmirates Steel,DC=ieisf,DC=co,DC=ae"
Australian Doctors ,Clinic - Kallangur,AusDocsClinicKallangur,.randomise, admin@audoc.com.au,"Shop 13 Kallangur Fair Shopping Centre, 1473 Anzac Ave, KALLANGUR",07 3317 4040,North Lakes/North West,"OU=ScriptCreated,OU=Managed Users,OU=iEmirates Steel,DC=ieisf,DC=co,DC=ae"
Banyo ,Clinic,BanyoClinic,.randomise,jodie@banyoclinic.com.au,"183 Tufnell Road, BANYO",07 3267 5088,Chermside,"OU=ScriptCreated,OU=Managed Users,OU=iEmirates Steel,DC=ieisf,DC=co,DC=ae"
Bardon ,Family Doctors,BardonFD,.randomise,bardondoctors@gmail.com,"Shops 3&4, 50 Macgregor Terrace, BARDON",07 3708 2456,Toowong,"OU=ScriptCreated,OU=Managed Users,OU=iEmirates Steel,DC=ieisf,DC=co,DC=ae"
Beach ,Medical Clinic,BeachMC,.randomise,beachmedical@commander.net.au,"135 Margate Parade, MARGATE",07 3284 9777,Redcliffe/Brighton,"OU=ScriptCreated,OU=Managed Users,OU=iEmirates Steel,DC=ieisf,DC=co,DC=ae"
Bellara ,Family Medical Practice,BellaraFMP,.randomise,JRaj@bfmp.net.au,"35 Benabrow Avenue, BELLARA",07 3408 9077,Caboolture,"OU=ScriptCreated,OU=Managed Users,OU=iEmirates Steel,DC=ieisf,DC=co,DC=ae"
Bellbowrie ,Medical Centre,BellbowrieMC,.randomise,bellmedcen@outlook.com,"8 Birkin Road, BELLBOWRIE",07 3202 6623,Toowong,"OU=ScriptCreated,OU=Managed Users,OU=iEmirates Steel,DC=ieisf,DC=co,DC=ae"
Berkeley,Medical,BerkeleyMed,.randomise,admin@berkeleymedical.com.au,"Shop 21 Kenmore Plaza, 841 Moggill Road, KENMORE",07 3193 3393,Toowong,"OU=ScriptCreated,OU=Managed Users,OU=iEmirates Steel,DC=ieisf,DC=co,DC=ae"
Best Health ,Medical Centre,BestHealthMC,.randomise,marie@besthealthmc.com ,"9/618 Deception Bay Road, DECEPTION BAY",07 3204 9770,North Lakes/North West,"OU=ScriptCreated,OU=Managed Users,OU=iEmirates Steel,DC=ieisf,DC=co,DC=ae"
Best Life ,Medical Centre,BetterLifeMC,.randomise,marie@besthealthmc.com,"1-3 College Street, NORTH LAKES",07 3482 4677,North Lakes/North West,"OU=ScriptCreated,OU=Managed Users,OU=iEmirates Steel,DC=ieisf,DC=co,DC=ae"
Bracken Ridge ,Family Practice,BrackenRidgeFP,.randomise,shabnam@anchormedical.com.au,"Shop 1/81 Gawain Road, BRACKEN RIDGE",07 3261 8804,Redcliffe/Brighton,"OU=ScriptCreated,OU=Managed Users,OU=iEmirates Steel,DC=ieisf,DC=co,DC=ae"
Bray Park ,Medical Practice,BrayParkMC,.randomise,practicemanager@feelingwell.com.au,"17 Sparkes Road, BRAY PARK",07 3205 4088,Pine Rivers,"OU=ScriptCreated,OU=Managed Users,OU=iEmirates Steel,DC=ieisf,DC=co,DC=ae"
Brendale,Medical Centre,BrendaleMC,.randomise,"reception@brenmed.com.au  
brm@brenmed.com.au","Shop 103, Strathpine Centre, 295 Gympie Road,  STRATHPINE",07 3881 1222,Pine Rivers,"OU=ScriptCreated,OU=Managed Users,OU=iEmirates Steel,DC=ieisf,DC=co,DC=ae"
Brewer Street ,Medical Centre,BrewerStreetMC,.randomise,admin@brewerstreetmedical.com.au,"Shop 1, 1450 Anzac Avenue, KALLANGUR",07 3448 0438,North Lakes/North West,"OU=ScriptCreated,OU=Managed Users,OU=iEmirates Steel,DC=ieisf,DC=co,DC=ae"
Bridgeman,Family Practice,BridgemanFP,.randomise,manager@bridgemanfamilypractice.com.au,"Shop 6 Metro on Beckett, 5 Canopus Street, BRIDGEMAN DOWNS",07 3166 9653,Chermside,"OU=ScriptCreated,OU=Managed Users,OU=iEmirates Steel,DC=ieisf,DC=co,DC=ae"
Brighton ,Medical Centre,BrightonVMC,.randomise,admin@brightonmedicalcentre.com.au,"6/353 Beaconsfield Terrace, BRIGHTON",07 3631 6000,Redcliffe/Brighton,"OU=ScriptCreated,OU=Managed Users,OU=iEmirates Steel,DC=ieisf,DC=co,DC=ae"
Brisbane ,GP and Travel Doctor ,BrisbaneGPandTravelDoctor,.randomise,admin@brisbanegp.com.au,"Suite 4, Centenary Pool Complex, 400 Gregory Terrace, SPRING HILL",07 3236 9599,City,"OU=ScriptCreated,OU=Managed Users,OU=iEmirates Steel,DC=ieisf,DC=co,DC=ae"
Brisbane,Youth Service,BrisYouthServ,.randomise,psmith@brisyouth.org,"42 McLachlan Street, FORTITUDE VALLEY",07 3620 2400,City,"OU=ScriptCreated,OU=Managed Users,OU=iEmirates Steel,DC=ieisf,DC=co,DC=ae"
Brookside,Family Clinic,BrooksideFC,.randomise,practice.manager@brooksidefamilyclinic.com.au,"Brookside Shopping Centre, 159 Osborne Road, MITCHELTON",07 3354 1900,North Lakes/North West,"OU=ScriptCreated,OU=Managed Users,OU=iEmirates Steel,DC=ieisf,DC=co,DC=ae"
Burpengary Station ,Medical Centre,BurpStationMC,.randomise,shruti@theinfinitygroup.net.au ,"179 Station Road, BURPENGARY",07 3888 9676,North Lakes/North West,"OU=ScriptCreated,OU=Managed Users,OU=iEmirates Steel,DC=ieisf,DC=co,DC=ae"
Caboolture Indigenous and Community ,Medical Centre,CabooltureCommunityMC,.randomise,admin@cicmedical.com.au,"Suite 13-17, The Lakes Centre, 8-22 King Street, CABOOLTURE",07 5490 8100,Caboolture,"OU=ScriptCreated,OU=Managed Users,OU=iEmirates Steel,DC=ieisf,DC=co,DC=ae"
Caboolture,Super Clinic,CabooltureSuperClinic,.randomise,leeannedixon@schealthcare.com.au,"23-27 George Street, CABOOLTURE",07 5315 8888,Caboolture,"OU=ScriptCreated,OU=Managed Users,OU=iEmirates Steel,DC=ieisf,DC=co,DC=ae"
Chermside ,Medical Centre,ChermsideMC,.randomise,margaret.graham@fullertonhealth.com.au,"Suite 2, 956 Gympie Road, CHERMSIDE",07 3917 4200,Chermside,"OU=ScriptCreated,OU=Managed Users,OU=iEmirates Steel,DC=ieisf,DC=co,DC=ae"
Clayfield,Medical Centre,ClayfieldMC,.randomise,clayfieldmightytext@gmail.com,"533 Sandgate Road, CLAYFIELD",07 3262 1288,Nundah,"OU=ScriptCreated,OU=Managed Users,OU=iEmirates Steel,DC=ieisf,DC=co,DC=ae"
Clinic,30,Clinic30,.randomise,catkinson@quac.org.au,"30 Helen Street, TENERIFFE",07 3017 1777,City,"OU=ScriptCreated,OU=Managed Users,OU=iEmirates Steel,DC=ieisf,DC=co,DC=ae"
Clontarf,Clinic,ClontarfC,.randomise,sr_vivienne_robson@clontarfclinic.com.au,"11 Maine Road at Crn Cornelius Street, CLONTARF",07 3283 8144,Redcliffe/Brighton,"OU=ScriptCreated,OU=Managed Users,OU=iEmirates Steel,DC=ieisf,DC=co,DC=ae"
Dayboro ,Medical Centre,DayboroMC,.randomise,admin@dayboromedical.com.au,"7 McKenzie Street, DAYBORO",07 3425 1427,Pine Rivers,"OU=ScriptCreated,OU=Managed Users,OU=iEmirates Steel,DC=ieisf,DC=co,DC=ae"
Doctors at,Dolphins,DoctorsAtDolphins,.randomise,alfredngini@gmail.com,"Shop 6, Dolphin Central Shopping Centre, REDCLIFFE",07 3053 3117,Redcliffe/Brighton,"OU=ScriptCreated,OU=Managed Users,OU=iEmirates Steel,DC=ieisf,DC=co,DC=ae"
Doctors at,Teneriffe,DocsAtTeneriffe,.randomise,manager@doctorsteneriffe.com.au,"29 Florence Street, TENERIFFE",07 3257 0841,City,"OU=ScriptCreated,OU=Managed Users,OU=iEmirates Steel,DC=ieisf,DC=co,DC=ae"
Doctors at ,Eatons Hill ,DoctorsAtEatonsHill,.randomise,lee.langley@imsg.net.au  ,"Shop 2, 1 Queen Elizabeth Drive, EATONS HILL",07 3325 5999,Pine Rivers,"OU=ScriptCreated,OU=Managed Users,OU=iEmirates Steel,DC=ieisf,DC=co,DC=ae"
Doctors on ,Brunswick,DoctorsonBrunswick,.randomise,manager@doctorsonbrunswick.com.au ,"Central Brunswick Centre, Unit 16/421 Brunswick Street, FORTITUDE VALLEY",07 3252 7614,City,"OU=ScriptCreated,OU=Managed Users,OU=iEmirates Steel,DC=ieisf,DC=co,DC=ae"
Dr Gerbers ,Surgery,DrGerber,.randomise,drgerber@bigpond.com,"Shop 12, 75 Morayfield Road, Cnr Jacaranda Avenue, CABOOLTURE",07 5495 3792,Caboolture,"OU=ScriptCreated,OU=Managed Users,OU=iEmirates Steel,DC=ieisf,DC=co,DC=ae"
Dr M K I ,Khan,DrKhan,.randomise,admin@strathpinemedical.com.au,"2/497 Gympie Road, STRATHPINE",07 3205 4300,Pine Rivers,"OU=ScriptCreated,OU=Managed Users,OU=iEmirates Steel,DC=ieisf,DC=co,DC=ae"
East Street ,Family Doctor,EastStreetFD,.randomise,WillowvaleESFD@gmail.com,"5 East Street, CABOOLTURE",07 5499 3333,Caboolture,"OU=ScriptCreated,OU=Managed Users,OU=iEmirates Steel,DC=ieisf,DC=co,DC=ae"
Eaton Central 7 Day ,Family Practice,EatonCentralFP,.randomise,nargis@anchormedical.com.au ,"Shop 8 Eatons Central, 6-12 Bunya Park Drive, EATONS HILL",07 3264 3900,Pine Rivers,"OU=ScriptCreated,OU=Managed Users,OU=iEmirates Steel,DC=ieisf,DC=co,DC=ae"
Eaton Quality Medical and ,Skin Cancer Centre,EatonsQualityMedicalandSkinCancerCentre,.randomise,pmh380@yahoo.com,"Shop 6 Eaton Village Shopping Centre, 640 South Pine Road, BRENDALE",07 3118 5651,Pine Rivers,"OU=ScriptCreated,OU=Managed Users,OU=iEmirates Steel,DC=ieisf,DC=co,DC=ae"
Eatons Hill ,Medical Centre,EatonsHillMC,.randomise,treatmentroom@eatonshillmedical.com.au,"2 Marylin Terrace, EATONS HILL",07 3325 5559,Pine Rivers,"OU=ScriptCreated,OU=Managed Users,OU=iEmirates Steel,DC=ieisf,DC=co,DC=ae"
Elysian,Medical Centre,ElysiumMC,.randomise,admin@elysianmedicalcentre.com.au,"Shop 3, 45 Benabrow Avenue, BELLARA",07 3410 7425,Caboolture,"OU=ScriptCreated,OU=Managed Users,OU=iEmirates Steel,DC=ieisf,DC=co,DC=ae"
Everton Hills ,Medical Centre,EvertonHillsMC,.randomise,info@ehmc.com.au,"Shop 5/83 Camelia Avenue, EVERTON HILLS",07 3355 7343,Pine Rivers,"OU=ScriptCreated,OU=Managed Users,OU=iEmirates Steel,DC=ieisf,DC=co,DC=ae"
Everyday,Medical,EverydayMed,.randomise,manager@everydaymedical.com.au,"Suite 12, Albany Place, 640 Albany Creek Road, ALBANY CREEK",07 3325 5611,Pine Rivers,"OU=ScriptCreated,OU=Managed Users,OU=iEmirates Steel,DC=ieisf,DC=co,DC=ae"
Family,Doctors Plus,FamilyDoctorsPlus,.randomise,pmf@familydoctorsplus.com.au,"Unit 2 and 3, 178 Albion Road, WINDSOR",07 3357 8192,Nundah,"OU=ScriptCreated,OU=Managed Users,OU=iEmirates Steel,DC=ieisf,DC=co,DC=ae"
Family Practice ,at the Gap,FamilyPracGap,.randomise,Familypractice.thegap@australiandoctors.com.au,"Shop 32/1000 Waterworks Road, THE GAP",07 3300 0888,North Lakes/North West,"OU=ScriptCreated,OU=Managed Users,OU=iEmirates Steel,DC=ieisf,DC=co,DC=ae"
Fernlands Radius ,Medical Centre,FernlandsRadiusMC,.randomise,sudha@frmc.com.au,"Fernlands Shopping Centre, 10 Woodhill Road, FERNY HILLS",07 3350 5000,Pine Rivers,"OU=ScriptCreated,OU=Managed Users,OU=iEmirates Steel,DC=ieisf,DC=co,DC=ae"
Ferny Fair ,Medical Centre,FernyFairMC,.randomise,hillssurgery@gmail.com,"170 Patrick's Road, FERNY HILLS",07 3351 4455,Pine Rivers,"OU=ScriptCreated,OU=Managed Users,OU=iEmirates Steel,DC=ieisf,DC=co,DC=ae"
Ferny Grove ,Family Practice,FernyGroveFP,.randomise,rsmedical3@yahoo.com,"Coles Shopping Centre, 51 McGinn Road, FERNY GROVE",07 3351 8593,North Lakes/North West,"OU=ScriptCreated,OU=Managed Users,OU=iEmirates Steel,DC=ieisf,DC=co,DC=ae"
Fiveways ,Surgery,FivewaysSurgery,.randomise,nurse@fiveways.online,"Level 1, 144 Indooroopilly Road, TARINGA",07 3870 2525,Toowong,"OU=ScriptCreated,OU=Managed Users,OU=iEmirates Steel,DC=ieisf,DC=co,DC=ae"
Geebung ,Clinic,GeebungClinic,.randomise,admin@geebungclinic.com.au,"328 Newman Road, GEEBUNG",07 3265 6922,Chermside,"OU=ScriptCreated,OU=Managed Users,OU=iEmirates Steel,DC=ieisf,DC=co,DC=ae"
Go2 ,Health,Go2Health,.randomise,jenny.strike@go2health.com.au    ,"468 South Pine Road, EVERTON PARK",07 3355 5540,North Lakes/North West,"OU=ScriptCreated,OU=Managed Users,OU=iEmirates Steel,DC=ieisf,DC=co,DC=ae"
Goodwin Drive ,Family Medical Centre,GoodwinDrFMC,.randomise,manager@goodwindrivemedical.com.au,"Shop 1/232-235 Goodwin Drive, BONGAREE",07 3410 1122,Caboolture,"OU=ScriptCreated,OU=Managed Users,OU=iEmirates Steel,DC=ieisf,DC=co,DC=ae"
GPs at,Brighton,GPsAtBrighton,.randomise,drcarpenter@brightongps.com.au,"6/159 Nathan Street, BRIGHTON",07 3555 9790,Redcliffe/Brighton,"OU=ScriptCreated,OU=Managed Users,OU=iEmirates Steel,DC=ieisf,DC=co,DC=ae"
Griffin ,Medical Centre,GriffinMC,.randomise,admin@griffinmedicalcentre.com.au,"228 Brays Road, GRIFFIN",07 3465 0660,North Lakes/North West,"OU=ScriptCreated,OU=Managed Users,OU=iEmirates Steel,DC=ieisf,DC=co,DC=ae"
Gympie Road ,Medical Centre,GympieRoadMC,.randomise,manager@gympieroadmedicalcentre.com.au,"1/640 Gympie Road, LAWNTON",07 3338 8828,Pine Rivers,"OU=ScriptCreated,OU=Managed Users,OU=iEmirates Steel,DC=ieisf,DC=co,DC=ae"
Healthy Women ,Medical Centre ,HealthyWomenMC,.randomise,office@healthywomen.com.au,"Suite 1F, 80 Stamford Road, INDOOROOPILLY",07 3720 2622,Toowong,"OU=ScriptCreated,OU=Managed Users,OU=iEmirates Steel,DC=ieisf,DC=co,DC=ae"
Hypermarket ,Medical Centre,HypermarketMC,.randomise,practicemanager@hypermarketmedical.com.au,"Aspley Hypermarket, Shop 2/59 Albany Creek Raod, ASPLEY",07 3263 3007,Chermside,"OU=ScriptCreated,OU=Managed Users,OU=iEmirates Steel,DC=ieisf,DC=co,DC=ae"
Indooroopilly ,Family Practice,IndooroopillyFP,.randomise,admin@indooroopillyfp.com.au,"Shop 1059, Indooroopilly Shopping Centre, 318 Moggill Road, INDOOROOPILLY",07 3378 1600,Toowong,"OU=ScriptCreated,OU=Managed Users,OU=iEmirates Steel,DC=ieisf,DC=co,DC=ae"
Indooroopilly ,General Practice,indooroopillydayandnightMC,.randomise,tabitha.maclachlan@fullertonhealth.com.au,"5/66 Station Road, INDOOROOPILLY",07 3878 3733,Toowong,"OU=ScriptCreated,OU=Managed Users,OU=iEmirates Steel,DC=ieisf,DC=co,DC=ae"
Junction Road ,Family Practice,JunctionRFP,.randomise,junctionroad@tpg.com.au,"Bonney Place, 318 Junction Road, CLAYFIELD",07 3857 2799,Nundah,"OU=ScriptCreated,OU=Managed Users,OU=iEmirates Steel,DC=ieisf,DC=co,DC=ae"
Kallangur,Family Practice ,KallangurFMP,.randomise,shabnam@anchormedical.com.au,"Lilly Brook Shopping Centre, Shop 8-9, 118 Old Gympie Road, KALLANGUR",07 3886 0588,North Lakes/North West,"OU=ScriptCreated,OU=Managed Users,OU=iEmirates Steel,DC=ieisf,DC=co,DC=ae"
Kedron Wavell ,Medical Centre,KedronWavellMC,.randomise,admin@kedronwavellmedicalcentre.com.au ,"232 Gympie Road, KEDRON",07 3359 2160,Chermside,"OU=ScriptCreated,OU=Managed Users,OU=iEmirates Steel,DC=ieisf,DC=co,DC=ae"
Kenmore,Clinics,KenmoreClinics,.randomise,admin@kenmoreclinics.com.au,"Suite 2, 3 & 6, 2081 Moggill Road, KENMORE",07 3363 1600,Toowong,"OU=ScriptCreated,OU=Managed Users,OU=iEmirates Steel,DC=ieisf,DC=co,DC=ae"
Kenmore ,Family Medical Practice,KenmoreFMP,.randomise,kenmorereception@bigpond.com,"Suite 1, 2081 Moggill Road, KENMORE",07 3378 2988,Toowong,"OU=ScriptCreated,OU=Managed Users,OU=iEmirates Steel,DC=ieisf,DC=co,DC=ae"
Keperra ,Family Practice,KeperraFP,.randomise,manager@keperrafamilypractice.com.au ,"577 Settlement Road, KEPERRA",07 3351 0323,North Lakes/North West,"OU=ScriptCreated,OU=Managed Users,OU=iEmirates Steel,DC=ieisf,DC=co,DC=ae"
Keperra,Medical Centre,KeperraMC,.randomise,reception@keperramedical.com.au ,"14 Dallas Parade, KEPERRA",07 3355 4082,North Lakes/North West,"OU=ScriptCreated,OU=Managed Users,OU=iEmirates Steel,DC=ieisf,DC=co,DC=ae"
Kilcoy,General Practice,KilcoyGP,.randomise,lisa@kilcoydoctors.com.au,"19 Brown Street, KILCOY",07 5497 1766,Caboolture,"OU=ScriptCreated,OU=Managed Users,OU=iEmirates Steel,DC=ieisf,DC=co,DC=ae"
Kilcoy,Medical Centre,KilcoyMC,.randomise,tdd@pacific.net.au,"Cnr William and Kennedy Streets, KILCOY",07 5497 1076,Caboolture,"OU=ScriptCreated,OU=Managed Users,OU=iEmirates Steel,DC=ieisf,DC=co,DC=ae"
Kings Circle,Medical Centre,KingsCircleMC,.randomise,manager@kingscirclemedicalcentre.com.au,"1/297-285 King Street, CABOOLTURE",07 5419 0786,Caboolture,"OU=ScriptCreated,OU=Managed Users,OU=iEmirates Steel,DC=ieisf,DC=co,DC=ae"
Lawnton Country Market,Medical Centre,LawntonCMMC,.randomise,harshani@tmedicals.com.au.,"5/718 Gympie Road, Lawnton Country Market Shopping Complex, LAWNTON",07 3205 8118,Pine Rivers,"OU=ScriptCreated,OU=Managed Users,OU=iEmirates Steel,DC=ieisf,DC=co,DC=ae"
Marine Parade ,Medical Centre,MarinePMC,.randomise,mtatkovic@hotmail.com,"97 Marine Parade, REDCLIFFE",07 3284 0723,Redcliffe/Brighton,"OU=ScriptCreated,OU=Managed Users,OU=iEmirates Steel,DC=ieisf,DC=co,DC=ae"
McDowall ,Family Medical Centre,McDowallFMC,.randomise,norris.chern@mcdowallmedical.com.au,"Suite 20, 97 Flockton Street, EVERTON PARK",07 3353 1099,Chermside,"OU=ScriptCreated,OU=Managed Users,OU=iEmirates Steel,DC=ieisf,DC=co,DC=ae"
McPhillips ,Medical Group,McPhillipsMG,.randomise,mmg357@bigpond.net.au,"357 Gympie Road, STRATHPINE",07 3205 4455,Pine Rivers,"OU=ScriptCreated,OU=Managed Users,OU=iEmirates Steel,DC=ieisf,DC=co,DC=ae"
Medical,Matters,MedicalMatters,.randomise,Reception@medicalmatters.com.au,"Shop 14, 15, 16 Cnr Dohles Rocks Road & Goodrich Road West, MURRUMBA DOWNS",07 3164 6000,North Lakes/North West,"OU=ScriptCreated,OU=Managed Users,OU=iEmirates Steel,DC=ieisf,DC=co,DC=ae"
Medical Zone ,Mango Hill,MedicalZoneMH,.randomise,mzfpdoctors@gmail.com,"Shop 5/2 Halpine Drive, MANGO HILL",07 3481 2210,North Lakes/North West,"OU=ScriptCreated,OU=Managed Users,OU=iEmirates Steel,DC=ieisf,DC=co,DC=ae"
Medicrew ,Beachmere ,MedicrewBeachmere,.randomise,Kat.Luckett@mymedicrew.com.au ,"Shop 8, Beachmere Shopping Village, 2 James Road, BEACHMERE",07 5429 0385,Caboolture,"OU=ScriptCreated,OU=Managed Users,OU=iEmirates Steel,DC=ieisf,DC=co,DC=ae"
Medicross,Strathpine,MedicrossStrath,.randomise,strathpinepm@medicross.com.au,"13/328 Gympie Road, STRATHPINE",07 3881 3828,Pine Rivers,"OU=ScriptCreated,OU=Managed Users,OU=iEmirates Steel,DC=ieisf,DC=co,DC=ae"
Medpods ,Medical Centre,MedpodsMC,.randomise,info@medpods.com.au,"Shop 1094 Westfield North Lakes, Cnr Anzac Avenue & North Lakes Drive, NORTH LAKES",1300 250 815,North Lakes/North West,"OU=ScriptCreated,OU=Managed Users,OU=iEmirates Steel,DC=ieisf,DC=co,DC=ae"
Midway,Medical Centre,MidwayMC,.randomise,admin@midwaymedical.com.au,"10/538 Oxley Avenue, REDCLIFFE",07 3203 4956,Redcliffe/Brighton,"OU=ScriptCreated,OU=Managed Users,OU=iEmirates Steel,DC=ieisf,DC=co,DC=ae"
Morayfield ,Family Doctors ,MorayfieldFamilyDoctors,.randomise,pm@hhdm.com.au ,"Leda Boulevard, Health Hub Morayfield, MORAYFIELD",07 5412 0400,Caboolture,"OU=ScriptCreated,OU=Managed Users,OU=iEmirates Steel,DC=ieisf,DC=co,DC=ae"
Moreton Bay ,Medical Centre,MoretonBayMC,.randomise,kathy@mbmedical.com.au,"Shop 11/284 Anzac Avenue, KIPPA RING",07 3283 5400,Redcliffe/Brighton,"OU=ScriptCreated,OU=Managed Users,OU=iEmirates Steel,DC=ieisf,DC=co,DC=ae"
My Medical and ,Dental Centre Hamilton,MyMedicalandDentalHamilton,.randomise,"jinky.abyan@mymedicalanddental.com.au
andrew@mullein.com.au","Shop 3, 576 Kingsford Smith Drive, HAMILTON",07 3180 3999,Nundah,"OU=ScriptCreated,OU=Managed Users,OU=iEmirates Steel,DC=ieisf,DC=co,DC=ae"
Myer Centre,Doctors,MyerCentreDocs,.randomise,charles@firstcaredoctors.com.au,"Shop 103B, Level E Myer Centre, 91 Queen Street, BRISBANE",07 3210 2111,City,"OU=ScriptCreated,OU=Managed Users,OU=iEmirates Steel,DC=ieisf,DC=co,DC=ae"
MyHealth ,Brisbane Showgrounds,MyHealthBrisbaneShowgrounds,.randomise,brisbaneshowgrounds@myhealth.net.au,"Y07 The Yards, 9/130 King Street, BOWEN HILLS",07 3180 4768,Nundah,"OU=ScriptCreated,OU=Managed Users,OU=iEmirates Steel,DC=ieisf,DC=co,DC=ae"
MyHealth ,Fortitude Valley,MyHealthNorthLakes,.randomise,northlakes@myhealth.net.au,"Shop 31, Valley Metro, 230 Brunswick Street, FORTITUDE VALLEY",07 3852 2030,North Lakes/North West,"OU=ScriptCreated,OU=Managed Users,OU=iEmirates Steel,DC=ieisf,DC=co,DC=ae"
MyHealth ,North Lakes ,MyhealthValley,.randomise,fortitudevalley@myhealth.net.au,"Shop 1012-1014 Westfield Shopping Centre, North Lakes Drive, NORTH LAKES",07 3482 4666,City,"OU=ScriptCreated,OU=Managed Users,OU=iEmirates Steel,DC=ieisf,DC=co,DC=ae"
MyHealth ,Toowong,MyHealthToowong,.randomise,toowong@myhealth.net.au,"Level 1, Toowong Village, 9 Sherwood Road, TOOWONG",07 3217 8033,Toowong,"OU=ScriptCreated,OU=Managed Users,OU=iEmirates Steel,DC=ieisf,DC=co,DC=ae"
Narangba,Doctors,NarangbaDocs,.randomise,info@narangbadoctors.com.au sajith@talk21.com,"20 Young Road, NARANGBA",07 3886 8812,Caboolture,"OU=ScriptCreated,OU=Managed Users,OU=iEmirates Steel,DC=ieisf,DC=co,DC=ae"
Narangba,Family Medical Practice,NarangbaFMP,.randomise,uw@narangba-medical.com.au,"30 Main Street, NARANGBA",07 3886 6888,Caboolture,"OU=ScriptCreated,OU=Managed Users,OU=iEmirates Steel,DC=ieisf,DC=co,DC=ae"
Narangba,Valley Medical Centre,NarangbaVMC,.randomise,info@narangbavalleymedical.com.au,"Shop 1B, 212 Young Road, NARANGBA",07 3385 7666,Caboolture,"OU=ScriptCreated,OU=Managed Users,OU=iEmirates Steel,DC=ieisf,DC=co,DC=ae"
Newmarket 7 Day ,Medical Centre,Newmarket7DayMC,.randomise,admin@newmarketmc.com.au ,"76 Enoggera Road, NEWMARKET",07 3356 3300,North Lakes/North West,"OU=ScriptCreated,OU=Managed Users,OU=iEmirates Steel,DC=ieisf,DC=co,DC=ae"
Northrise,Medical Centre,NorthRiseMC,.randomise,northrisemedicalcentre@hotmail.com,"Shop 8, 1-7 Mariner Boulevard, DECEPTION BAY",07 3293 4001,North Lakes/North West,"OU=ScriptCreated,OU=Managed Users,OU=iEmirates Steel,DC=ieisf,DC=co,DC=ae"
Nundah Doctors Surgery ,Wavell Heights,NundahDoctorsSurgeryWavellHeights,.randomise,manager@margzac.org.au,"190 Bilsen Road, WAVELL HEIGHTS",07 3177 1040,Chermside,"OU=ScriptCreated,OU=Managed Users,OU=iEmirates Steel,DC=ieisf,DC=co,DC=ae"
Paddington,Medical Centre,PaddingtonMC,.randomise,admin@padmed.net,"Level 4, 107 Latrobe Terrace, PADDINGTON",07 3369 3922,Toowong,"OU=ScriptCreated,OU=Managed Users,OU=iEmirates Steel,DC=ieisf,DC=co,DC=ae"
Pebble Beach ,Medical Centre,PebbleBeachMC,.randomise,manager@pbmc.net.au,"The Village Shopping Centre, Shop 6, 204 Bestmann Road East, SANDSTONE POINT",07 5497 7400,Caboolture,"OU=ScriptCreated,OU=Managed Users,OU=iEmirates Steel,DC=ieisf,DC=co,DC=ae"
Petrie,Family Medical Practice,PetrieFMP,.randomise,manager@pfmp.com.au,"67 Frenchs Road, PETRIE",07 3285 6572,Pine Rivers,"OU=ScriptCreated,OU=Managed Users,OU=iEmirates Steel,DC=ieisf,DC=co,DC=ae"
Petrie,Medical Centre,PetrieMC,.randomise,fiona@anchormedical.com.au,"4 Dayboro Road, PETRIE",07 3285 5311,Pine Rivers,"OU=ScriptCreated,OU=Managed Users,OU=iEmirates Steel,DC=ieisf,DC=co,DC=ae"
Platinum,Medical,PlatinumMC,.randomise,anita.sharm@platinummedical.com.au,"18 Banfield Street, CHERMSIDE",07 3861 4455,Chermside,"OU=ScriptCreated,OU=Managed Users,OU=iEmirates Steel,DC=ieisf,DC=co,DC=ae"
Prasads ,Medical Centre,PrasadsMC,.randomise,craigurquhart@iinet.net.au,"721 Albany Creek Road, ALBANY CREEK",07 3264 2211,Pine Rivers,"OU=ScriptCreated,OU=Managed Users,OU=iEmirates Steel,DC=ieisf,DC=co,DC=ae"
Qld Injectors ,Health Network,QldInjectorsHN,.randomise,Johnws@quihn.org,"1 Hamilton Place, BOWEN HILLS",07 3620 8111,City,"OU=ScriptCreated,OU=Managed Users,OU=iEmirates Steel,DC=ieisf,DC=co,DC=ae"
Qld,Medical Doctors,QldMedicalD,.randomise,managerqldmedical@gmail.com,"Shop 8, 2 Patricks Road, ARANA HILLS",07 3351 8900,Pine Rivers,"OU=ScriptCreated,OU=Managed Users,OU=iEmirates Steel,DC=ieisf,DC=co,DC=ae"
Queen Street ,Medical Centre,QueenStMC,.randomise,manager@queenstmed.com.au ,"Level 3, 141 Queen Street, BRISBANE",07 3229 9355,City,"OU=ScriptCreated,OU=Managed Users,OU=iEmirates Steel,DC=ieisf,DC=co,DC=ae"
QUT ,Medical Centre,QUTMC,.randomise,l.okeefe@qut.edu.au ,"X Block, Level 4, Gardens Point, 2 George Street, BRISBANE",07 3138 2321,Ciy,"OU=ScriptCreated,OU=Managed Users,OU=iEmirates Steel,DC=ieisf,DC=co,DC=ae"
Racecourse Village ,Medical Centre,RacecourseVillageMC,.randomise,manager@racecoursevillagemc.com.au,"Level 1, 188 Nudgee Road, ASCOT",07 3564 6400,Nundah,"OU=ScriptCreated,OU=Managed Users,OU=iEmirates Steel,DC=ieisf,DC=co,DC=ae"
Redcliffe Parade ,Family Medical Practice,RedcliffeParadeFamilyMedicalPractice,.randomise,shabnam@anchormedical.com.au,"Level 1, Shop 36, 20 Anzac Avenue, Bluewater Square Shopping Centre, REDCLIFFE",07 3284 5739,Redcliffe/Brighton,"OU=ScriptCreated,OU=Managed Users,OU=iEmirates Steel,DC=ieisf,DC=co,DC=ae"
Rode,Medical Clinic,RodeMC,.randomise,admin@rodemedical.com.au,"Shoop 17-19, Rode Shopping Centre, 734 Rode Road (Cnr Appleby Road), STAFFORD HEIGHTS",07 3359 6595,Chermside,"OU=ScriptCreated,OU=Managed Users,OU=iEmirates Steel,DC=ieisf,DC=co,DC=ae"
Rosalie Milton ,Clinic,RosalieMiltonClinic,.randomise,kylie@rosaliemc.com.au,"104A Haig Road, AUCHENFLOWER",07 3369 5433,Toowong,"OU=ScriptCreated,OU=Managed Users,OU=iEmirates Steel,DC=ieisf,DC=co,DC=ae"
Rothwell,Family Practice,RothwellFP,.randomise,rothwellfamilypractice@gmail.com,"Unit 2, 618 Deception Bay Road, DECEPTION BAY",07 3204 8899,North Lakes/North West,"OU=ScriptCreated,OU=Managed Users,OU=iEmirates Steel,DC=ieisf,DC=co,DC=ae"
Samford,Doctors Surgery,SamfordDoctorsSurgery,.randomise,manager@samforddoctors.com.au,"Unit 1A, 32 Main Street, SAMFORD",07 3289 6018,Pine Rivers,"OU=ScriptCreated,OU=Managed Users,OU=iEmirates Steel,DC=ieisf,DC=co,DC=ae"
Samford Valley ,Medical Centre,SamfordValleyMedicalCentre,.randomise,nurse@samfordmed.com.au,"26 Station Street, SAMFORD",07 3289 1712,Pine Rivers,"OU=ScriptCreated,OU=Managed Users,OU=iEmirates Steel,DC=ieisf,DC=co,DC=ae"
Sandgate,Doctors,SandgateSurg,.randomise,manager@sandgatedoctors.com.au,"Shop 5/51 Brighton Road, SANDGATE",07 3269 1131,Redcliffe/Brighton,"OU=ScriptCreated,OU=Managed Users,OU=iEmirates Steel,DC=ieisf,DC=co,DC=ae"
Scarborough Village ,Surgery,ScarboroughVS,.randomise,manager@scarboroughvillage.com.au,"91 Landsborough Avenue, SCARBOROUGH",07 3880 2111,Redcliffe/Brighton,"OU=ScriptCreated,OU=Managed Users,OU=iEmirates Steel,DC=ieisf,DC=co,DC=ae"
SmartClinics,Clayfield,SmartClinicsClayfield,.randomise,clayfield.manager@smartclinics.com.au,"695 Sandgate Road, CLAYFIELD",07 3268 1937,Nundah,"OU=ScriptCreated,OU=Managed Users,OU=iEmirates Steel,DC=ieisf,DC=co,DC=ae"
SmartClinics,Lutwyche ,LutwycheMC,.randomise,madison.dejonge@smartclinics.com.au,"Level 4, Lutwyche City, 543 Lutwyche Road, LUTWYCHE",07 3857 5060,Nundah,"OU=ScriptCreated,OU=Managed Users,OU=iEmirates Steel,DC=ieisf,DC=co,DC=ae"
SmartClinics,Mango Hill,SmartClinicsMangoHill,.randomise,rothwell.manager@smartclinics.com.au,"Suite 15 Building 4, 1-21 Halpine Drive, MANGO HILL",07 3177 9520,North Lakes/North West,"OU=ScriptCreated,OU=Managed Users,OU=iEmirates Steel,DC=ieisf,DC=co,DC=ae"
SmartClinics,Pullenvale,SmartclinicsPullenvale,.randomise,pullenvale.nurse@smartclinics.com.au,"9/8 McCaskill Road, PULLENVALE",07 3107 8050,Toowong,"OU=ScriptCreated,OU=Managed Users,OU=iEmirates Steel,DC=ieisf,DC=co,DC=ae"
SmartClinics,Strathpine,MedplusStrathpine,.randomise,Strathpine.manager@smartclinics.com.au,"130-134 Gympie Road, STRATHPINE",07 3881 2311,Pine Rivers,"OU=ScriptCreated,OU=Managed Users,OU=iEmirates Steel,DC=ieisf,DC=co,DC=ae"
St Lucia ,Medical,StLuciaMedical,.randomise,reception@stluciamedical.com.au,"32 Hawken Drive, ST LUCIA",07 3371 6005,Toowong,"OU=ScriptCreated,OU=Managed Users,OU=iEmirates Steel,DC=ieisf,DC=co,DC=ae"
Stafford City ,Doctors,StaffordCityDoctors,.randomise,tracie.giles@doctorlink.com.au.,"Stafford City Shopping Centre, 93/400 Stafford Road, STAFFORD",07 3356 7744,Chermside,"OU=ScriptCreated,OU=Managed Users,OU=iEmirates Steel,DC=ieisf,DC=co,DC=ae"
Stafford Heights ,Medical Practice,StaffordHeightsMedicalPractice,.randomise,rebecca.jeffress@doctorlink.com.au,"40 Minimine Street, STAFFORD",07 3356 9144,Chermside,"OU=ScriptCreated,OU=Managed Users,OU=iEmirates Steel,DC=ieisf,DC=co,DC=ae"
Strathpine 7 Day ,Medical Centre,Strathpine7DayMC,.randomise,manager@strathpine7daymc.com.au,"Shop 1, Strathpine Plaza, 445-451 Gympie Road, STRATHPINE",07 3881 1866,Pine Rivers,"OU=ScriptCreated,OU=Managed Users,OU=iEmirates Steel,DC=ieisf,DC=co,DC=ae"
Strathpine ,Family Medical Centre,StrathpineFamilyMC,.randomise,rtaylan@hotmail.com,"Shop 10A, Strathpine Plaza, Cnr Bells Pocket & Gympie Roads, STRATHPINE",07 3889 8544,Pine Rivers,"OU=ScriptCreated,OU=Managed Users,OU=iEmirates Steel,DC=ieisf,DC=co,DC=ae"
Strathpine ,GP Super Clinic,StrathpineGPSC,.randomise,bookkeeper@strathpinegpsuperclinic.com.au,"11/328 Gympie Road, STRATHPINE",07 3480 0111,Pine Rivers,"OU=ScriptCreated,OU=Managed Users,OU=iEmirates Steel,DC=ieisf,DC=co,DC=ae"
Telegraph Road ,Clinic,TelegraphRC,.randomise,ejstrc@tpg.com.au,"Shop 26, Bracken Ridge Shopping Plaza, 250 Telegraph Road, BRACKEN RIDGE",07 3261 7000,Redcliffe/Brighton,"OU=ScriptCreated,OU=Managed Users,OU=iEmirates Steel,DC=ieisf,DC=co,DC=ae"
Gasworks ,Medical Practice,TeneriffeFD,.randomise,manager@teneriffedoctors.com.au,"Gasworks Plaza, Suite A3/76 Skyring Terrace, NEWSTEAD",07 3852 4299,City,"OU=ScriptCreated,OU=Managed Users,OU=iEmirates Steel,DC=ieisf,DC=co,DC=ae"
The Courtyard ,Family Medical Centre,TheCourtyardFamilyMC,.randomise,courtyardfamilymedical@gmail.com,"Shop 7, 2060 Moggill Road, KENMORE",07 3378 6789,Toowong,"OU=ScriptCreated,OU=Managed Users,OU=iEmirates Steel,DC=ieisf,DC=co,DC=ae"
The Family Practice at ,Burpengary,TheFamilyPracBurp,.randomise,familypractice.burpengary@australiandoctors.com.au,"Shop 17, Burpengary Plaza, Station Road, BURPENGARY",07 3888 9500,North Lakes/North West,"OU=ScriptCreated,OU=Managed Users,OU=iEmirates Steel,DC=ieisf,DC=co,DC=ae"
The Family Practice at ,Kallangur,TheFamilyPracKall,.randomise,liesl@australiandoctors.com.au,"1380 Anzac Avenue, KALLANGUR",07 3204 4222,North Lakes/North West,"OU=ScriptCreated,OU=Managed Users,OU=iEmirates Steel,DC=ieisf,DC=co,DC=ae"
The hub ,Medical Centre,HUBMedicalCentre,.randomise,belinda@thehubmedicalcentre.net.au   ,"115 Buckley Road, Cnr Buckley & Uhlmann Roads, BURPENGARY",07 5433 1500,Caboolture,"OU=ScriptCreated,OU=Managed Users,OU=iEmirates Steel,DC=ieisf,DC=co,DC=ae"
The Lakes ,Family Medical Centre,TheLakesFMC,.randomise,lakesdoc@bigpond.net.au,"25 Morayfield Road, CABOOLTURE",07 5499 3224,Caboolture,"OU=ScriptCreated,OU=Managed Users,OU=iEmirates Steel,DC=ieisf,DC=co,DC=ae"
Toombul,Family Clinic,ToombulFC,.randomise,practice.manager@toombulfamilyclinic.com.au,"Shop 125-126 Centro Shopping Centre, 1015 Sandgate Road, TOOMBUL",07 3266 1515,Nundah,"OU=ScriptCreated,OU=Managed Users,OU=iEmirates Steel,DC=ieisf,DC=co,DC=ae"
Toombul,Medical Centre,ToombulMC,.randomise,toombulmc@gmail.com,"Shop 205, Centro Toombul, 1015 Sandgate Road, TOOMBUL",07 3266 5277,Nundah,"OU=ScriptCreated,OU=Managed Users,OU=iEmirates Steel,DC=ieisf,DC=co,DC=ae"
Turbot Street ,Medical Centre,TurbotStMC,.randomise,"shruti@theinfinitygroup.net.au
nurse@centralstationmc.com.au
nurse@turbotstmc.com.au","Level 1, Spring Hill Market Place, 375 Turbot Street, SPRING HILL",07 3839 0128,City,"OU=ScriptCreated,OU=Managed Users,OU=iEmirates Steel,DC=ieisf,DC=co,DC=ae"
Ubuntu Integrative ,Medical ,UbuntuIntegrativeMedicine ,.randomise,reception@ubuntumedical.com.au,"239 Stafford Road, STAFFORD",07 3857 3777,Chermside,"OU=ScriptCreated,OU=Managed Users,OU=iEmirates Steel,DC=ieisf,DC=co,DC=ae"
Wamuran ,Doctors,WamuranDocs,.randomise,david@imsg.net.au,"1100 D'Aguilar Highway, WAMURAN",07 5496 6399,Caboolture,"OU=ScriptCreated,OU=Managed Users,OU=iEmirates Steel,DC=ieisf,DC=co,DC=ae"
Warner,Family Medical Practice,WarnerFamilyMP,.randomise,manager@warnerfmp.com.au,"349-351 Samsonvale Road, WARNER",07 36882 3244,Pine Rivers,"OU=ScriptCreated,OU=Managed Users,OU=iEmirates Steel,DC=ieisf,DC=co,DC=ae"
Warner Lakes ,Family Practice,WarnerLakesFP,.randomise,manager@warnerlakesfamilypractice.com.au,"1185B Old Northern Road, WARNER",07 3448 0163,Pine Rivers,"OU=ScriptCreated,OU=Managed Users,OU=iEmirates Steel,DC=ieisf,DC=co,DC=ae"
Warnercare,Medical Practice,WarnercareMP,.randomise,manager@warnermedicalpractice.com.au,"Shop 16/353 Samsonvale Road, WARNER",07 3882 2366,Pine Rivers,"OU=ScriptCreated,OU=Managed Users,OU=iEmirates Steel,DC=ieisf,DC=co,DC=ae"
Welsby Parade,Medical Centre,WelsbyPMC,.randomise,wpmc@bigpond.net.au,"Cnr Kangaroo Avenue & Welsby Parade, BONGAREE",07 3408 1333,Caboolture,"OU=ScriptCreated,OU=Managed Users,OU=iEmirates Steel,DC=ieisf,DC=co,DC=ae"
Windsor,Family Medical Centre,WindsorFMC,.randomise,drakramhossain@optusnet.com.au,"222 Lutwyche Road, WINDSOR",07 3357 6888,Nundah,"OU=ScriptCreated,OU=Managed Users,OU=iEmirates Steel,DC=ieisf,DC=co,DC=ae"
Wongabel,Family Practice,WongabelFP,.randomise,s.b.medical@bigpond.com,"5 Wongabel Street, KENMORE",07 3378 3265,Toowong,"OU=ScriptCreated,OU=Managed Users,OU=iEmirates Steel,DC=ieisf,DC=co,DC=ae"
Woodford,Family Medical Centre,WoodfordFamily,.randomise,sarah.ross@fullertonhealth.com.au,"64 Archer Street, WOODFORD",07 5434 5000,Caboolture,"OU=ScriptCreated,OU=Managed Users,OU=iEmirates Steel,DC=ieisf,DC=co,DC=ae"
Woody Point ,Medical Centre,WoodyPoint,.randomise,pmanager.woodypointmedical@gmail.com,"28 Lilla Street, WOODY POINT",07 3284 9452,Redcliffe/Brighton,"OU=ScriptCreated,OU=Managed Users,OU=iEmirates Steel,DC=ieisf,DC=co,DC=ae"
